target_id,dataset_key,record_id,subject_id,lineage_group_id,rows,class_0,class_1,prevalence,accuracy,balanced_accuracy,f1,precision,npv,recall_sensitivity,specificity,false_positive_rate,false_negative_rate,mcc,tn,fp,fn,tp,errors,roc_auc,average_precision,mean_available_features
abnormal_beat,mitdb,100,mitdb_100,mitdb:100,217,211,6,0.027649769585253458,0.9769585253456221,0.5833333333333334,0.2857142857142857,1.0,0.9768518518518519,0.16666666666666666,1.0,0.0,0.8333333333333334,0.403495529064832,211,0,5,1,5,0.8957345971563981,0.6244260789715335,45.68663594470046
abnormal_beat,mitdb,101,mitdb_101,mitdb:101,187,186,1,0.0053475935828877,0.9946524064171123,0.5,0.0,,0.9946524064171123,0.0,1.0,0.0,1.0,,186,0,1,0,1,1.0,1.0,44.75935828877005
abnormal_beat,mitdb,102,mitdb_102,mitdb:102,212,1,211,0.9952830188679245,0.6273584905660378,0.8127962085308057,0.7696793002915452,1.0,0.0125,0.6255924170616114,1.0,0.0,0.3744075829383886,0.08843022793858524,1,0,79,132,79,0.6398104265402843,0.9979022935534932,45.68867924528302
abnormal_beat,mitdb,103,mitdb_103,mitdb:103,210,209,1,0.004761904761904762,0.9952380952380953,0.5,0.0,,0.9952380952380953,0.0,1.0,0.0,1.0,,209,0,1,0,1,0.8947368421052632,0.043478260869565216,45.266666666666666
abnormal_beat,mitdb,104,mitdb_104,mitdb:104,214,50,164,0.7663551401869159,0.5046728971962616,0.6698780487804878,0.5267857142857143,0.9833333333333333,0.3181818181818182,0.3597560975609756,0.98,0.02,0.6402439024390244,0.3200650109497977,49,1,105,59,106,0.8389024390243902,0.9402325316053897,45.61682242990654
abnormal_beat,mitdb,105,mitdb_105,mitdb:105,249,244,5,0.020080321285140562,0.8955823293172691,0.8487704918032788,0.23529411764705882,0.13793103448275862,0.9954545454545455,0.8,0.8975409836065574,0.10245901639344263,0.2,0.3050277178034779,219,25,1,4,26,0.930327868852459,0.47965367965367967,44.86746987951807
abnormal_beat,mitdb,106,mitdb_106,mitdb:106,234,120,114,0.48717948717948717,0.9829059829059829,0.9826754385964913,0.9823008849557522,0.9910714285714286,0.9754098360655737,0.9736842105263158,0.9916666666666667,0.008333333333333333,0.02631578947368421,0.9659159055569554,119,1,3,111,4,0.9984649122807018,0.9982397442710277,38.65384615384615
abnormal_beat,mitdb,107,mitdb_107,mitdb:107,210,0,210,1.0,0.9095238095238095,,0.9526184538653366,1.0,0.0,0.9095238095238095,,,0.09047619047619047,,0,0,19,191,19,,1.0,45.00952380952381
abnormal_beat,mitdb,108,mitdb_108,mitdb:108,164,162,2,0.012195121951219513,0.31097560975609756,0.6512345679012346,0.03418803418803419,0.017391304347826087,1.0,1.0,0.30246913580246915,0.6975308641975309,0.0,0.0725281517520244,49,113,0,2,113,0.8148148148148149,0.1419491525423729,43.6280487804878
abnormal_beat,mitdb,109,mitdb_109,mitdb:109,258,252,6,0.023255813953488372,0.9263565891472868,0.7996031746031746,0.2962962962962963,0.19047619047619047,0.9915611814345991,0.6666666666666666,0.9325396825396826,0.06746031746031746,0.3333333333333333,0.33026950970651636,235,17,2,4,19,0.8604497354497355,0.5914200140944327,41.47286821705426
abnormal_beat,mitdb,111,mitdb_111,mitdb:111,216,216,0,0.0,0.5833333333333334,,0.0,0.0,1.0,,0.5833333333333334,0.4166666666666667,,,126,90,0,0,90,,,45.69444444444444
abnormal_beat,mitdb,112,mitdb_112,mitdb:112,258,257,1,0.003875968992248062,0.9922480620155039,0.9961089494163424,0.5,0.3333333333333333,1.0,1.0,0.9922178988326849,0.007782101167315175,0.0,0.5750993823774244,255,2,0,1,2,1.0,1.0,46.62403100775194
abnormal_beat,mitdb,113,mitdb_113,mitdb:113,172,169,3,0.01744186046511628,1.0,1.0,1.0,1.0,1.0,1.0,1.0,0.0,0.0,1.0,169,0,0,3,0,1.0,1.0,36.901162790697676
abnormal_beat,mitdb,114,mitdb_114,mitdb:114,179,169,10,0.055865921787709494,0.9720670391061452,0.7970414201183431,0.7058823529411765,0.8571428571428571,0.9767441860465116,0.6,0.9940828402366864,0.005917159763313609,0.4,0.703845141387303,168,1,4,6,5,0.8976331360946745,0.6839499759499759,44.13966480446928
abnormal_beat,mitdb,115,mitdb_115,mitdb:115,202,202,0,0.0,0.7871287128712872,,0.0,0.0,1.0,,0.7871287128712872,0.21287128712871287,,,159,43,0,0,43,,,45.193069306930695
abnormal_beat,mitdb,116,mitdb_116,mitdb:116,232,208,24,0.10344827586206896,0.9956896551724138,0.9975961538461539,0.9795918367346939,0.96,1.0,1.0,0.9951923076923077,0.004807692307692308,0.0,0.9774377808252632,207,1,0,24,1,1.0,0.9999999999999999,45.71551724137931
abnormal_beat,mitdb,117,mitdb_117,mitdb:117,153,152,1,0.006535947712418301,1.0,1.0,1.0,1.0,1.0,1.0,1.0,0.0,0.0,1.0,152,0,0,1,0,1.0,1.0,43.052287581699346
abnormal_beat,mitdb,118,mitdb_118,mitdb:118,252,240,12,0.047619047619047616,0.9682539682539683,0.825,0.6666666666666666,0.6666666666666666,0.9833333333333333,0.6666666666666666,0.9833333333333333,0.016666666666666666,0.3333333333333333,0.65,236,4,4,8,8,0.9576388888888889,0.6745203588681851,46.56349206349206
abnormal_beat,mitdb,119,mitdb_119,mitdb:119,201,140,61,0.3034825870646766,1.0,1.0,1.0,1.0,1.0,1.0,1.0,0.0,0.0,1.0,140,0,0,61,0,1.0,1.0,40.40298507462686
abnormal_beat,mitdb,121,mitdb_121,mitdb:121,212,212,0,0.0,0.9481132075471698,,0.0,0.0,1.0,,0.9481132075471698,0.05188679245283019,,,201,11,0,0,11,,,45.5
abnormal_beat,mitdb,122,mitdb_122,mitdb:122,254,254,0,0.0,1.0,,0.0,,1.0,,1.0,0.0,,,254,0,0,0,0,,,46.50787401574803
abnormal_beat,mitdb,123,mitdb_123,mitdb:123,152,151,1,0.006578947368421052,0.993421052631579,0.9966887417218543,0.6666666666666666,0.5,1.0,1.0,0.9933774834437086,0.006622516556291391,0.0,0.7047614786024093,150,1,0,1,1,1.0,1.0,43.13157894736842
abnormal_beat,mitdb,124,mitdb_124,mitdb:124,138,106,32,0.2318840579710145,0.7608695652173914,0.49528301886792453,0.0,0.0,0.7664233576642335,0.0,0.9905660377358491,0.009433962264150943,1.0,-0.046942019871142125,105,1,32,0,33,0.9230542452830188,0.7259121840497949,42.289855072463766
abnormal_beat,mitdb,200,mitdb_200,mitdb:200,256,137,119,0.46484375,0.98828125,0.9879470036189658,0.9873417721518988,0.9915254237288136,0.9855072463768116,0.9831932773109243,0.9927007299270073,0.0072992700729927005,0.01680672268907563,0.9764631726961107,136,1,2,117,3,0.9990185855364043,0.9989587412214489,42.96875
abnormal_beat,mitdb,201,mitdb_201,mitdb:201,185,124,61,0.32972972972972975,0.8324324324324325,0.829190904283448,0.7633587786259542,0.7142857142857143,0.9043478260869565,0.819672131147541,0.8387096774193549,0.16129032258064516,0.18032786885245902,0.6381982992383329,104,20,11,50,31,0.904151242728715,0.8627852569841863,39.972972972972975
abnormal_beat,mitdb,202,mitdb_202,mitdb:202,271,241,30,0.11070110701107011,0.6014760147601476,0.7175656984785616,0.325,0.2,0.9716312056737588,0.8666666666666667,0.5684647302904564,0.4315352697095436,0.13333333333333333,0.27328030716877133,137,104,4,26,108,0.821161825726141,0.5452922055898929,38.92988929889299
abnormal_beat,mitdb,203,mitdb_203,mitdb:203,254,232,22,0.08661417322834646,0.6653543307086615,0.7550940438871474,0.3089430894308943,0.18811881188118812,0.9803921568627451,0.8636363636363636,0.646551724137931,0.35344827586206895,0.13636363636363635,0.29321031515357915,150,82,3,19,85,0.79173197492163,0.19059388771308833,41.523622047244096
abnormal_beat,mitdb,205,mitdb_205,mitdb:205,260,257,3,0.011538461538461539,1.0,1.0,1.0,1.0,1.0,1.0,1.0,0.0,0.0,1.0,257,0,0,3,0,1.0,1.0,46.6
abnormal_beat,mitdb,207,mitdb_207,mitdb:207,103,0,103,1.0,0.34951456310679613,,0.5179856115107914,1.0,0.0,0.34951456310679613,,,0.6504854368932039,,0,0,67,36,67,,1.0,39.74757281553398
abnormal_beat,mitdb,208,mitdb_208,mitdb:208,277,135,142,0.5126353790613718,0.8916967509025271,0.8938184663536777,0.8846153846153846,0.9745762711864406,0.8301886792452831,0.8098591549295775,0.9777777777777777,0.022222222222222223,0.19014084507042253,0.7961548826129434,132,3,27,115,30,0.974282733437663,0.9790944211390157,43.7870036101083
abnormal_beat,mitdb,209,mitdb_209,mitdb:209,336,194,142,0.4226190476190476,0.6011904761904762,0.528169014084507,0.10666666666666667,1.0,0.5914634146341463,0.056338028169014086,1.0,0.0,0.9436619718309859,0.18254282378280387,194,0,134,8,134,0.9862784957165674,0.9794039155794809,43.413690476190474
abnormal_beat,mitdb,210,mitdb_210,mitdb:210,246,222,24,0.0975609756097561,0.9227642276422764,0.8643018018018018,0.6666666666666666,0.5757575757575758,0.9765258215962441,0.7916666666666666,0.9369369369369369,0.06306306306306306,0.20833333333333334,0.6343466509113405,208,14,5,19,19,0.8776276276276276,0.7420956746330271,42.34146341463415
abnormal_beat,mitdb,212,mitdb_212,mitdb:212,278,278,0,0.0,0.9496402877697842,,0.0,0.0,1.0,,0.9496402877697842,0.050359712230215826,,,264,14,0,0,14,,,46.95323741007194
abnormal_beat,mitdb,213,mitdb_213,mitdb:213,326,243,83,0.254601226993865,0.803680981595092,0.8048490257325599,0.6767676767676768,0.5826086956521739,0.9241706161137441,0.8072289156626506,0.8024691358024691,0.19753086419753085,0.1927710843373494,0.555861816377519,195,48,16,67,64,0.8726263076999354,0.8405247061074156,44.122699386503065
abnormal_beat,mitdb,214,mitdb_214,mitdb:214,222,190,32,0.14414414414414414,0.9459459459459459,0.9554276315789474,0.8378378378378378,0.7380952380952381,0.9944444444444445,0.96875,0.9421052631578948,0.05789473684210526,0.03125,0.816846145435775,179,11,1,31,12,0.9870065789473685,0.9675989374328624,43.1036036036036
abnormal_beat,mitdb,215,mitdb_215,mitdb:215,326,307,19,0.05828220858895705,0.656441717791411,0.8175895765472312,0.25333333333333335,0.1450381679389313,1.0,1.0,0.6351791530944625,0.36482084690553745,0.0,0.30352136774504496,195,112,0,19,112,0.9807989027944454,0.8825224915595862,42.05521472392638
abnormal_beat,mitdb,217,mitdb_217,mitdb:217,212,15,197,0.9292452830188679,0.8679245283018868,0.7749576988155669,0.925531914893617,0.9720670391061452,0.30303030303030304,0.883248730964467,0.6666666666666666,0.3333333333333333,0.116751269035533,0.38894763694902806,10,5,23,174,28,0.8307952622673435,0.9806344596798792,45.06132075471698
abnormal_beat,mitdb,219,mitdb_219,mitdb:219,225,214,11,0.04888888888888889,0.9333333333333333,0.8355989804587935,0.5161290322580645,0.4,0.9853658536585366,0.7272727272727273,0.9439252336448598,0.056074766355140186,0.2727272727272727,0.5085831054831403,202,12,3,8,15,0.9005947323704333,0.7638047138047138,45.38666666666666
abnormal_beat,mitdb,220,mitdb_220,mitdb:220,201,177,24,0.11940298507462686,0.8855721393034826,0.5208333333333334,0.08,1.0,0.885,0.041666666666666664,1.0,0.0,0.9583333333333334,0.19202864369671518,177,0,23,1,23,0.9592749529190208,0.7176842783921971,44.28358208955224
abnormal_beat,mitdb,221,mitdb_221,mitdb:221,254,203,51,0.20078740157480315,0.9803149606299213,0.958321259538298,0.9494949494949495,0.9791666666666666,0.9805825242718447,0.9215686274509803,0.9950738916256158,0.0049261083743842365,0.0784313725490196,0.9379482480732091,202,1,4,47,5,0.9952670723461798,0.9863890516507497,42.74409448818898
abnormal_beat,mitdb,222,mitdb_222,mitdb:222,202,172,30,0.1485148514851485,0.5841584158415841,0.7145348837209302,0.391304347826087,0.25,0.9680851063829787,0.9,0.5290697674418605,0.47093023255813954,0.1,0.30589822797505395,91,81,3,27,84,0.7255813953488373,0.30387835414748104,40.18316831683168
abnormal_beat,mitdb,223,mitdb_223,mitdb:223,254,203,51,0.20078740157480315,0.9763779527559056,0.9485173379696706,0.9387755102040817,0.9787234042553191,0.9758454106280193,0.9019607843137255,0.9950738916256158,0.0049261083743842365,0.09803921568627451,0.925354703624873,202,1,5,46,6,0.997875012073795,0.9914823567908649,46.36614173228347
abnormal_beat,mitdb,228,mitdb_228,mitdb:228,200,131,69,0.345,0.755,0.8061179333997124,0.73224043715847,0.5877192982456141,0.9767441860465116,0.9710144927536232,0.6412213740458015,0.35877862595419846,0.028985507246376812,0.5878646022531149,84,47,2,67,49,0.9584024781502379,0.942353973550953,45.04
abnormal_beat,mitdb,230,mitdb_230,mitdb:230,245,244,1,0.004081632653061225,0.9959183673469387,0.9979508196721312,0.6666666666666666,0.5,1.0,1.0,0.9959016393442623,0.004098360655737705,0.0,0.7056563042105776,243,1,0,1,1,1.0,1.0,46.375510204081635
abnormal_beat,mitdb,231,mitdb_231,mitdb:231,181,181,0,0.0,0.7182320441988951,,0.0,0.0,1.0,,0.7182320441988951,0.281767955801105,,,130,51,0,0,51,,,44.56353591160221
abnormal_beat,mitdb,232,mitdb_232,mitdb:232,189,33,156,0.8253968253968254,0.3333333333333333,0.5722610722610723,0.3368421052631579,0.9411764705882353,0.2,0.20512820512820512,0.9393939393939394,0.06060606060606061,0.7948717948717948,0.14283951233982575,31,2,124,32,126,0.8885003885003884,0.9445590579278329,44.92063492063492
abnormal_beat,mitdb,233,mitdb_233,mitdb:233,308,217,91,0.29545454545454547,0.7792207792207793,0.8433179723502304,0.728,0.5723270440251572,1.0,1.0,0.6866359447004609,0.31336405529953915,0.0,0.6268814246345444,149,68,0,91,68,0.9727553552438345,0.9443640856312456,37.41558441558441
abnormal_beat,mitdb,234,mitdb_234,mitdb:234,280,230,50,0.17857142857142858,0.9321428571428572,0.81,0.7654320987654321,1.0,0.9236947791164659,0.62,1.0,0.0,0.38,0.756763346794894,230,0,19,31,19,0.9359130434782608,0.8950762462913782,45.68928571428572
abnormal_beat,nstdb,118e00,mitdb_118,mitdb:118,144,135,9,0.0625,0.8888888888888888,0.6296296296296297,0.2727272727272727,0.23076923076923078,0.9541984732824428,0.3333333333333333,0.9259259259259259,0.07407407407407407,0.6666666666666666,0.21898536466924623,125,10,6,3,16,0.8452674897119342,0.2949171199171199,42.38194444444444
abnormal_beat,nstdb,118e06,mitdb_118,mitdb:118,193,181,12,0.06217616580310881,0.8911917098445595,0.5918508287292817,0.2222222222222222,0.2,0.949438202247191,0.25,0.9337016574585635,0.06629834254143646,0.75,0.1656865879920189,169,12,9,3,21,0.792817679558011,0.24685546577427647,43.7979274611399
abnormal_beat,nstdb,118e12,mitdb_118,mitdb:118,225,211,14,0.06222222222222222,0.9244444444444444,0.726303317535545,0.45161290322580644,0.4117647058823529,0.9663461538461539,0.5,0.95260663507109,0.04739336492890995,0.5,0.4136852473868948,201,10,7,7,17,0.8544346648612051,0.30183207749104224,45.568888888888885
abnormal_beat,nstdb,118e18,mitdb_118,mitdb:118,233,219,14,0.060085836909871244,0.9055793991416309,0.6154598825831703,0.26666666666666666,0.25,0.9539170506912442,0.2857142857142857,0.9452054794520548,0.0547945205479452,0.7142857142857143,0.21699879598521943,207,12,10,4,22,0.8343118069145466,0.2816900021629185,46.081545064377686
abnormal_beat,nstdb,118e24,mitdb_118,mitdb:118,233,219,14,0.060085836909871244,0.9399141630901288,0.6337247227658187,0.36363636363636365,0.5,0.9555555555555556,0.2857142857142857,0.9817351598173516,0.0182648401826484,0.7142857142857143,0.3490531202298446,215,4,10,4,14,0.9135681669928245,0.43992618420678586,46.081545064377686
abnormal_beat,nstdb,118e_6,mitdb_118,mitdb:118,118,111,7,0.059322033898305086,0.8220338983050848,0.5707850707850708,0.16,0.1111111111111111,0.95,0.2857142857142857,0.8558558558558559,0.14414414414414414,0.7142857142857143,0.09301348639583752,95,16,5,2,21,0.8146718146718146,0.2016326530612245,42.440677966101696
abnormal_beat,nstdb,119e00,mitdb_119,mitdb:119,143,105,38,0.26573426573426573,0.8811188811188811,0.8350877192982455,0.7671232876712328,0.8,0.9074074074074074,0.7368421052631579,0.9333333333333333,0.06666666666666667,0.2631578947368421,0.6885398096883477,98,7,10,28,17,0.9320802005012532,0.8804002162160508,40.06993006993007
abnormal_beat,nstdb,119e06,mitdb_119,mitdb:119,181,136,45,0.24861878453038674,0.9392265193370166,0.9372549019607843,0.8842105263157894,0.84,0.9770992366412213,0.9333333333333333,0.9411764705882353,0.058823529411764705,0.06666666666666667,0.8453172737023525,128,8,3,42,11,0.9745098039215687,0.9261722874023027,41.386740331491715
abnormal_beat,nstdb,119e12,mitdb_119,mitdb:119,194,148,46,0.23711340206185566,0.9742268041237113,0.9831081081081081,0.9484536082474226,0.9019607843137255,1.0,1.0,0.9662162162162162,0.033783783783783786,0.0,0.9335358248053572,143,5,0,46,5,0.9973560517038779,0.9913604315604565,41.40721649484536
abnormal_beat,nstdb,119e18,mitdb_119,mitdb:119,196,150,46,0.23469387755102042,0.9693877551020408,0.98,0.9387755102040817,0.8846153846153846,1.0,1.0,0.96,0.04,0.0,0.9215371773459653,144,6,0,46,6,1.0,0.9999999999999999,41.87244897959184
abnormal_beat,nstdb,119e24,mitdb_119,mitdb:119,196,150,46,0.23469387755102042,0.9897959183673469,0.9933333333333334,0.9787234042553191,0.9583333333333334,1.0,1.0,0.9866666666666667,0.013333333333333334,0.0,0.9723968097209882,148,2,0,46,2,1.0,0.9999999999999999,41.41836734693877
abnormal_beat,nstdb,119e_6,mitdb_119,mitdb:119,102,79,23,0.22549019607843138,0.9411764705882353,0.9312052834342321,0.875,0.84,0.974025974025974,0.9130434782608695,0.9493670886075949,0.05063291139240506,0.08695652173913043,0.8378690838701439,75,4,2,21,6,0.9741331865712713,0.9479626532887401,38.98039215686274
abnormal_beat,qtdb,sel100,qtdb_sel100,mitdb:100,220,216,4,0.01818181818181818,0.9863636363636363,0.625,0.4,1.0,0.9863013698630136,0.25,1.0,0.0,0.75,0.49656353316142077,216,0,3,1,3,0.9988425925925926,0.95,45.80909090909091
abnormal_beat,qtdb,sel103,qtdb_sel103,mitdb:103,206,206,0,0.0,1.0,,0.0,,1.0,,1.0,0.0,,,206,0,0,0,0,,,45.38834951456311
abnormal_beat,qtdb,sel116,qtdb_sel116,mitdb:116,233,209,24,0.10300429184549356,1.0,1.0,1.0,1.0,1.0,1.0,1.0,0.0,0.0,1.0,209,0,0,24,0,1.0,0.9999999999999999,45.5793991416309
abnormal_beat,qtdb,sel117,qtdb_sel117,mitdb:117,151,151,0,0.0,1.0,,0.0,,1.0,,1.0,0.0,,,151,0,0,0,0,,,43.079470198675494
abnormal_beat,qtdb,sel123,qtdb_sel123,mitdb:123,146,146,0,0.0,1.0,,0.0,,1.0,,1.0,0.0,,,146,0,0,0,0,,,42.89041095890411
abnormal_beat,qtdb,sel213,qtdb_sel213,mitdb:213,321,258,63,0.19626168224299065,0.881619937694704,0.8603728313030639,0.7323943661971831,0.6582278481012658,0.9545454545454546,0.8253968253968254,0.8953488372093024,0.10465116279069768,0.1746031746031746,0.6645703123398274,231,27,11,52,38,0.9276485788113694,0.8807268818413015,44.60747663551402
abnormal_beat,qtdb,sel221,qtdb_sel221,mitdb:221,254,204,50,0.1968503937007874,0.9803149606299213,0.95,0.9473684210526315,1.0,0.9760765550239234,0.9,1.0,0.0,0.1,0.9372667173870686,204,0,5,45,5,0.9943137254901961,0.983381306865178,43.00787401574803
abnormal_beat,qtdb,sel223,qtdb_sel223,mitdb:223,256,171,85,0.33203125,0.98828125,0.9853113175094599,0.9822485207100592,0.9880952380952381,0.9883720930232558,0.9764705882352941,0.9941520467836257,0.005847953216374269,0.023529411764705882,0.9735405969655938,170,1,2,83,3,0.9995184038527692,0.9990072191941352,46.203125
abnormal_beat,qtdb,sel230,qtdb_sel230,mitdb:230,221,221,0,0.0,0.9819004524886877,,0.0,0.0,1.0,,0.9819004524886877,0.01809954751131222,,,217,4,0,0,4,,,45.83710407239819
abnormal_beat,qtdb,sel231,qtdb_sel231,mitdb:231,140,140,0,0.0,0.7285714285714285,,0.0,0.0,1.0,,0.7285714285714285,0.2714285714285714,,,102,38,0,0,38,,,38.1
abnormal_beat,qtdb,sel232,qtdb_sel232,mitdb:232,178,29,149,0.8370786516853933,0.25842696629213485,0.5570469798657718,0.20481927710843373,1.0,0.18012422360248448,0.11409395973154363,1.0,0.0,0.8859060402684564,0.14335649937961453,29,0,132,17,132,0.8736403610275398,0.9722007658336738,44.735955056179776
abnormal_beat,qtdb,sel233,qtdb_sel233,mitdb:233,300,213,87,0.29,0.77,0.8312287518212724,0.7112970711297071,0.5592105263157895,0.9864864864864865,0.9770114942528736,0.6854460093896714,0.3145539906103286,0.022988505747126436,0.6012495994561574,146,67,2,85,69,0.9611461874696454,0.9380811701801969,37.45333333333333
artifact,butqdb,100001,butqdb_100,butqdb:100,771,198,573,0.7431906614785992,0.6770428015564203,0.7827225130890052,0.7224080267558528,1.0,0.4429530201342282,0.5654450261780105,1.0,0.0,0.43455497382198954,0.5004653655003786,198,0,249,324,249,0.8637685758104606,0.9519105714244064,43.90012970168612
artifact,butqdb,100002,butqdb_100,butqdb:100,398,220,178,0.4472361809045226,0.9723618090452262,0.9707099080694586,0.9686609686609686,0.9826589595375722,0.9644444444444444,0.9550561797752809,0.9863636363636363,0.013636363636363636,0.0449438202247191,0.9442573338032872,217,3,8,170,11,0.9973953013278856,0.997048067827502,45.88442211055276
artifact,butqdb,103001,butqdb_103,butqdb:103,369,156,213,0.5772357723577236,0.994579945799458,0.9953051643192488,0.9952830188679245,1.0,0.9873417721518988,0.9906103286384976,1.0,0.0,0.009389671361502348,0.9889747000757446,156,0,2,211,2,1.0,1.0,46.30623306233063
artifact,butqdb,103002,butqdb_103,butqdb:103,237,213,24,0.10126582278481013,0.8607594936708861,0.8301056338028169,0.5352112676056338,0.40425531914893614,0.9736842105263158,0.7916666666666666,0.8685446009389671,0.13145539906103287,0.20833333333333334,0.4995197052821591,185,28,5,19,33,0.9604851330203443,0.8380228578448286,44.21518987341772
artifact,butqdb,103003,butqdb_103,butqdb:103,203,171,32,0.15763546798029557,0.9408866995073891,0.9649122807017544,0.8421052631578947,0.7272727272727273,1.0,1.0,0.9298245614035088,0.07017543859649122,0.0,0.8223357250278607,159,12,0,32,12,0.9947002923976608,0.9693749184148177,44.172413793103445
artifact,butqdb,104001,butqdb_104,butqdb:104,456,210,246,0.5394736842105263,0.9122807017543859,0.9113821138211382,0.9190283400809717,0.9153225806451613,0.9086538461538461,0.9227642276422764,0.9,0.1,0.07723577235772358,0.8233701041395224,189,21,19,227,40,0.9508710801393727,0.9708339521979636,43.24122807017544
artifact,butqdb,105001,butqdb_105,butqdb:105,593,214,379,0.6391231028667791,0.96964586846543,0.9762532981530343,0.9756756756756757,1.0,0.9224137931034483,0.9525065963060686,1.0,0.0,0.047493403693931395,0.9373394382264814,214,0,18,361,18,0.9867087515103692,0.9951676953319918,43.92411467116357
artifact,butqdb,111001,butqdb_111,butqdb:111,640,105,535,0.8359375,0.940625,0.9376947040498442,0.9636711281070746,0.9863013698630136,0.7596899224806202,0.9420560747663551,0.9333333333333333,0.06666666666666667,0.05794392523364486,0.8081044956267818,98,7,31,504,38,0.9865420560747664,0.9974372446651514,41.378125
artifact,butqdb,113001,butqdb_113,butqdb:113,598,212,386,0.6454849498327759,0.9565217391304348,0.9652580897448431,0.9652406417112299,0.9972375690607734,0.8940677966101694,0.9352331606217616,0.9952830188679245,0.0047169811320754715,0.06476683937823834,0.9106997659068458,211,1,25,361,26,0.9966272362889822,0.9967728285390405,46.98494983277592
artifact,butqdb,114001,butqdb_114,butqdb:114,713,241,472,0.6619915848527349,0.9354838709677419,0.951271186440678,0.9487750556792873,1.0,0.8397212543554007,0.902542372881356,1.0,0.0,0.09745762711864407,0.870565341295432,241,0,46,426,46,0.9798509037203742,0.991977656767957,45.28330995792427
artifact,butqdb,115001,butqdb_115,butqdb:115,405,174,231,0.5703703703703704,0.9901234567901235,0.9906329302881027,0.991304347826087,0.9956331877729258,0.9829545454545454,0.987012987012987,0.9942528735632183,0.005747126436781609,0.012987012987012988,0.9799258819904557,173,1,3,228,4,0.9998258446534308,0.9998690470979401,46.48888888888889
artifact,butqdb,118001,butqdb_118,butqdb:118,446,313,133,0.2982062780269058,0.9798206278026906,0.9661654135338346,0.9649805447470817,1.0,0.9720496894409938,0.9323308270676691,1.0,0.0,0.06766917293233082,0.9519831358314037,313,0,9,124,9,0.9992072833841793,0.9982687978413596,39.50896860986547
artifact,butqdb,121001,butqdb_121,butqdb:121,292,236,56,0.1917808219178082,0.8527397260273972,0.6296912832929782,0.410958904109589,0.8823529411764706,0.850909090909091,0.26785714285714285,0.9915254237288136,0.00847457627118644,0.7321428571428571,0.43611396201266805,234,2,41,15,43,0.9143462469733656,0.711151679662327,46.3458904109589
artifact,butqdb,122001,butqdb_122,butqdb:122,462,214,248,0.5367965367965368,0.974025974025974,0.9722829363883028,0.9762845849802372,0.9573643410852714,0.9950980392156863,0.9959677419354839,0.9485981308411215,0.0514018691588785,0.004032258064516129,0.9485059090674433,203,11,1,247,12,0.9959677419354839,0.998132244099986,45.21645021645022
artifact,butqdb,123001,butqdb_123,butqdb:123,411,367,44,0.1070559610705596,0.8686131386861314,0.8064156551894972,0.5423728813559322,0.43243243243243246,0.9643916913946587,0.7272727272727273,0.885558583106267,0.11444141689373297,0.2727272727272727,0.4931391769013618,325,42,12,32,54,0.9219717612088184,0.7458187807248566,44.462287104622874
artifact,butqdb,124001,butqdb_124,butqdb:124,645,146,499,0.7736434108527132,0.9736434108527132,0.9587393966014219,0.983016983016983,0.9800796812749004,0.951048951048951,0.9859719438877755,0.9315068493150684,0.0684931506849315,0.014028056112224449,0.9242785153302558,136,10,7,492,17,0.9952233233590468,0.9987064274192098,48.42325581395349
artifact,butqdb,125001,butqdb_125,butqdb:125,368,368,0,0.0,0.9402173913043478,,0.0,0.0,1.0,,0.9402173913043478,0.059782608695652176,,,346,22,0,0,22,,,44.48097826086956
artifact,butqdb,126001,butqdb_126,butqdb:126,463,463,0,0.0,0.9935205183585313,,0.0,0.0,1.0,,0.9935205183585313,0.0064794816414686825,,,460,3,0,0,3,,,46.49676025917927
artifact,nstdb,118e00,mitdb_118,mitdb:118,260,76,184,0.7076923076923077,0.9384615384615385,0.8985983981693364,0.9581151832460733,0.9242424242424242,0.9838709677419355,0.9945652173913043,0.8026315789473685,0.19736842105263158,0.005434782608695652,0.8508496264335884,61,15,1,183,16,0.9423627002288331,0.9662779265316604,42.17307692307692
artifact,nstdb,118e06,mitdb_118,mitdb:118,260,76,184,0.7076923076923077,0.9307692307692308,0.8931636155606408,0.9526315789473684,0.923469387755102,0.953125,0.9836956521739131,0.8026315789473685,0.19736842105263158,0.016304347826086956,0.8302349292458878,61,15,3,181,18,0.9545194508009154,0.9792125092517673,43.25
artifact,nstdb,118e12,mitdb_118,mitdb:118,238,76,162,0.680672268907563,0.865546218487395,0.8523391812865497,0.9,0.9113924050632911,0.775,0.8888888888888888,0.8157894736842105,0.18421052631578946,0.1111111111111111,0.6954752879021738,62,14,18,144,32,0.9285250162443145,0.9694189359414278,45.226890756302524
artifact,nstdb,118e18,mitdb_118,mitdb:118,233,76,157,0.6738197424892703,0.7124463519313304,0.7492876299027824,0.7509293680297398,0.9017857142857143,0.5371900826446281,0.643312101910828,0.8552631578947368,0.14473684210526316,0.35668789808917195,0.4678273955241402,65,11,56,101,67,0.7677673483070734,0.8941490118848889,46.081545064377686
artifact,nstdb,118e24,mitdb_118,mitdb:118,233,76,157,0.6738197424892703,0.48497854077253216,0.6042574589339591,0.40594059405940597,0.9111111111111111,0.3829787234042553,0.2611464968152866,0.9473684210526315,0.05263157894736842,0.7388535031847133,0.24763303028829028,72,4,116,41,120,0.5683037210861549,0.7743867471653195,46.081545064377686
artifact,nstdb,118e_6,mitdb_118,mitdb:118,249,76,173,0.6947791164658634,0.8473895582329317,0.75,0.9010416666666666,0.8199052132701422,1.0,1.0,0.5,0.5,0.0,0.6402754146733037,38,38,0,173,38,0.8264374809857012,0.9084470031804686,42.34939759036145
artifact,nstdb,119e00,mitdb_119,mitdb:119,252,63,189,0.75,0.9484126984126984,0.8968253968253967,0.9667519181585678,0.9356435643564357,1.0,1.0,0.7936507936507936,0.20634920634920634,0.0,0.8617274844321392,50,13,0,189,13,0.9889140841521794,0.9954115209190991,40.976190476190474
artifact,nstdb,119e06,mitdb_119,mitdb:119,248,63,185,0.7459677419354839,0.9475806451612904,0.8968253968253967,0.9660574412532638,0.9343434343434344,1.0,1.0,0.7936507936507936,0.20634920634920634,0.0,0.8611285665968089,50,13,0,185,13,0.9963963963963964,0.9987100331853782,41.19758064516129
artifact,nstdb,119e12,mitdb_119,mitdb:119,230,63,167,0.7260869565217392,0.908695652173913,0.8728733010170135,0.9380530973451328,0.9244186046511628,0.8620689655172413,0.9520958083832335,0.7936507936507936,0.20634920634920634,0.04790419161676647,0.7658462202002997,50,13,8,159,21,0.9743370402053037,0.9911156784108509,41.356521739130436
artifact,nstdb,119e18,mitdb_119,mitdb:119,208,63,145,0.6971153846153846,0.8701923076923077,0.8799671592775041,0.9018181818181819,0.9538461538461539,0.7307692307692307,0.8551724137931035,0.9047619047619048,0.09523809523809523,0.14482758620689656,0.7212923996410658,57,6,21,124,27,0.9126436781609195,0.9682190830609223,41.8125
artifact,nstdb,119e24,mitdb_119,mitdb:119,199,63,136,0.6834170854271356,0.6934673366834171,0.7544351073762838,0.7239819004524887,0.9411764705882353,0.5087719298245614,0.5882352941176471,0.9206349206349206,0.07936507936507936,0.4117647058823529,0.47850322793648337,58,5,56,80,61,0.7998366013071895,0.9089396414033452,41.391959798994975
artifact,nstdb,119e_6,mitdb_119,mitdb:119,237,63,174,0.7341772151898734,0.9493670886075949,0.9250136836343733,0.9659090909090909,0.9550561797752809,0.9322033898305084,0.9770114942528736,0.873015873015873,0.12698412698412698,0.022988505747126436,0.8684439625191773,55,8,4,170,12,0.9887794198139026,0.996508312226573,40.687763713080166
noise_active,nstdb,118e00,mitdb_118,mitdb:118,260,76,184,0.7076923076923077,0.9807692307692307,0.9864130434782609,0.9862258953168044,1.0,0.9382716049382716,0.9728260869565217,1.0,0.0,0.02717391304347826,0.9553926386227363,76,0,5,179,5,0.9987128146453089,0.9994851454055584,42.17307692307692
noise_active,nstdb,118e06,mitdb_118,mitdb:118,260,76,184,0.7076923076923077,0.9730769230769231,0.9693935926773456,0.9809264305177112,0.9836065573770492,0.948051948051948,0.9782608695652174,0.9605263157894737,0.039473684210526314,0.021739130434782608,0.9352160531253976,73,3,4,180,7,0.9943506864988558,0.9976535948946281,43.25
noise_active,nstdb,118e12,mitdb_118,mitdb:118,238,76,162,0.680672268907563,0.907563025210084,0.9286062378167641,0.9276315789473685,0.9929577464788732,0.78125,0.8703703703703703,0.9868421052631579,0.013157894736842105,0.12962962962962962,0.8146536313144439,75,1,21,141,22,0.9679987004548408,0.9869383560959953,45.226890756302524
noise_active,nstdb,118e18,mitdb_118,mitdb:118,233,76,157,0.6738197424892703,0.7639484978540773,0.8112638283607106,0.7940074906367042,0.9636363636363636,0.5853658536585366,0.6751592356687898,0.9473684210526315,0.05263157894736842,0.3248407643312102,0.5846101811185458,72,4,51,106,55,0.8534193764666443,0.9335817208224312,46.081545064377686
noise_active,nstdb,118e24,mitdb_118,mitdb:118,233,76,157,0.6738197424892703,0.5622317596566524,0.6378226617499162,0.5641025641025641,0.8571428571428571,0.4166666666666667,0.42038216560509556,0.8552631578947368,0.14473684210526316,0.5796178343949044,0.2747258902393643,65,11,91,66,102,0.6637613141133087,0.8254344400754126,46.081545064377686
noise_active,nstdb,118e_6,mitdb_118,mitdb:118,249,76,173,0.6947791164658634,0.9839357429718876,0.9884393063583815,0.9883040935672515,1.0,0.95,0.976878612716763,1.0,0.0,0.023121387283236993,0.963345567323027,76,0,4,169,4,0.9971858837846059,0.9988437101984295,42.34939759036145
noise_active,nstdb,119e00,mitdb_119,mitdb:119,252,63,189,0.75,0.9722222222222222,0.9656084656084656,0.9814323607427056,0.9840425531914894,0.9375,0.9788359788359788,0.9523809523809523,0.047619047619047616,0.021164021164021163,0.9263671131731709,60,3,4,185,7,0.9921054841689761,0.9967959721153123,40.976190476190474
noise_active,nstdb,119e06,mitdb_119,mitdb:119,248,63,185,0.7459677419354839,0.9596774193548387,0.9572715572715573,0.9726775956284153,0.9834254143646409,0.8955223880597015,0.9621621621621622,0.9523809523809523,0.047619047619047616,0.03783783783783784,0.8965688265548741,60,3,7,178,10,0.9844701844701845,0.9927385833637077,41.19758064516129
noise_active,nstdb,119e12,mitdb_119,mitdb:119,230,63,167,0.7260869565217392,0.8565217391304348,0.886370116909039,0.8925081433224755,0.9785714285714285,0.6666666666666666,0.8203592814371258,0.9523809523809523,0.047619047619047616,0.17964071856287425,0.7061171549981045,60,3,30,137,33,0.9554224883566201,0.9829272068409595,41.356521739130436
noise_active,nstdb,119e18,mitdb_119,mitdb:119,208,63,145,0.6971153846153846,0.7115384615384616,0.7796387520525452,0.7457627118644068,0.967032967032967,0.5128205128205128,0.6068965517241379,0.9523809523809523,0.047619047619047616,0.3931034482758621,0.5180456124209494,60,3,57,88,60,0.8856048166392994,0.9507249489667583,41.8125
noise_active,nstdb,119e24,mitdb_119,mitdb:119,199,63,136,0.6834170854271356,0.5678391959798995,0.6753034547152195,0.5473684210526316,0.9629629629629629,0.4206896551724138,0.38235294117647056,0.9682539682539683,0.031746031746031744,0.6176470588235294,0.36675776575192076,61,2,84,52,86,0.7951680672268907,0.895750552067326,41.391959798994975
noise_active,nstdb,119e_6,mitdb_119,mitdb:119,237,63,174,0.7341772151898734,0.9831223628691983,0.9733169129720853,0.9885714285714285,0.9829545454545454,0.9836065573770492,0.9942528735632183,0.9523809523809523,0.047619047619047616,0.005747126436781609,0.9565455738135478,60,3,1,173,4,0.9969896004378762,0.9988715183883503,40.687763713080166
seizure,seizure_edf,chb04_28,chb04,chb_mit:chb04,1976,1708,268,0.13562753036437247,0.7246963562753036,0.6740186654549267,0.37327188940092165,0.27,0.9229651162790697,0.6044776119402985,0.7435597189695551,0.25644028103044497,0.39552238805970147,0.25915065893892103,1270,438,106,162,544,0.7568094830298158,0.23291020200542623,47.340080971659916
seizure,seizure_edf,pn06_1,PN06,siena:PN06,1113,999,114,0.10242587601078167,0.6028751123090745,0.704954954954955,0.30063291139240506,0.1833976833976834,0.9680672268907563,0.8333333333333334,0.5765765765765766,0.42342342342342343,0.16666666666666666,0.2491725661682018,576,423,19,95,442,0.7878492527615335,0.26043921168303924,49.38903863432165
seizure,seizure_edf,pn06_2,PN06,siena:PN06,1545,1400,145,0.09385113268608414,0.8161812297734627,0.7656527093596059,0.4180327868852459,0.29737609329446063,0.9642262895174709,0.7034482758620689,0.8278571428571428,0.17214285714285715,0.296551724137931,0.3728146503798326,1159,241,43,102,284,0.8192068965517242,0.2755968974994876,49.09190938511327
seizure,seizure_edf,pn06_3,PN06,siena:PN06,1191,1122,69,0.05793450881612091,0.5029387069689337,0.7361853832442068,0.18904109589041096,0.1043872919818457,1.0,1.0,0.47237076648841353,0.5276292335115864,0.0,0.22205743654539986,530,592,0,69,592,0.8833862925934537,0.2087447347716662,49.44668345927792
seizure,seizure_edf,pn06_4,PN06,siena:PN06,1252,1151,101,0.08067092651757188,0.8178913738019169,0.6932155422318949,0.3254437869822485,0.2320675105485232,0.954679802955665,0.5445544554455446,0.841876629018245,0.158123370981755,0.45544554455445546,0.2686353790514621,969,182,46,55,228,0.7712793868439841,0.17539263992749118,46.465654952076676
seizure,seizure_edf,pn06_5,PN06,siena:PN06,1079,1008,71,0.06580166821130677,0.6515291936978684,0.4927271965124078,0.10476190476190476,0.06303724928366762,0.9328767123287671,0.30985915492957744,0.6755952380952381,0.3244047619047619,0.6901408450704225,-0.007709339042423842,681,327,49,22,376,0.5350855130784709,0.06580541014499042,46.95180722891566
seizure,seizure_edf,pn12_1_2,PN12,siena:PN12,1612,1402,210,0.13027295285359802,0.6699751861042184,0.7151280483662794,0.37995337995337997,0.2515432098765432,0.9512448132780082,0.7761904761904762,0.6540656205420827,0.3459343794579173,0.22380952380952382,0.2953824356771897,917,485,47,163,532,0.8087833706949256,0.6031432288889169,47.02667493796526
seizure,seizure_edf,pn12_3,PN12,siena:PN12,902,798,104,0.11529933481152993,0.8248337028824834,0.6208670715249662,0.31896551724137934,0.2890625,0.91343669250646,0.3557692307692308,0.8859649122807017,0.11403508771929824,0.6442307692307693,0.22124865823062614,707,91,67,37,158,0.7668329477540005,0.34274934524980527,48.55321507760532
seizure,seizure_edf,pn12_4,PN12,siena:PN12,676,602,74,0.10946745562130178,0.6568047337278107,0.5050731794917841,0.16546762589928057,0.11274509803921569,0.8919491525423728,0.3108108108108108,0.6993355481727574,0.30066445182724255,0.6891891891891891,0.006901416634258637,421,181,51,23,232,0.6180973332136123,0.1276273602660378,46.41568047337278
signal_unusable,butqdb,100001,butqdb_100,butqdb:100,396,198,198,0.5,1.0,1.0,1.0,1.0,1.0,1.0,1.0,0.0,0.0,1.0,198,0,0,198,0,1.0,1.0000000000000002,45.053030303030305
signal_unusable,butqdb,100002,butqdb_100,butqdb:100,220,220,0,0.0,0.9954545454545455,,0.0,0.0,1.0,,0.9954545454545455,0.004545454545454545,,,219,1,0,0,1,,,43.28181818181818
signal_unusable,butqdb,103001,butqdb_103,butqdb:103,156,156,0,0.0,1.0,,0.0,,1.0,,1.0,0.0,,,156,0,0,0,0,,,43.42307692307692
signal_unusable,butqdb,103002,butqdb_103,butqdb:103,213,213,0,0.0,1.0,,0.0,,1.0,,1.0,0.0,,,213,0,0,0,0,,,44.370892018779344
signal_unusable,butqdb,103003,butqdb_103,butqdb:103,171,171,0,0.0,1.0,,0.0,,1.0,,1.0,0.0,,,171,0,0,0,0,,,43.1578947368421
signal_unusable,butqdb,104001,butqdb_104,butqdb:104,210,210,0,0.0,0.7952380952380952,,0.0,0.0,1.0,,0.7952380952380952,0.20476190476190476,,,167,43,0,0,43,,,39.785714285714285
signal_unusable,butqdb,105001,butqdb_105,butqdb:105,223,214,9,0.04035874439461883,1.0,1.0,1.0,1.0,1.0,1.0,1.0,0.0,0.0,1.0,214,0,0,9,0,1.0,1.0000000000000002,44.90582959641256
signal_unusable,butqdb,111001,butqdb_111,butqdb:111,289,105,184,0.6366782006920415,0.8373702422145328,0.8722826086956521,0.8535825545171339,1.0,0.6907894736842105,0.7445652173913043,1.0,0.0,0.2554347826086957,0.71717348992089,105,0,47,137,47,0.9779503105590062,0.9910672695822919,38.88235294117647
signal_unusable,butqdb,113001,butqdb_113,butqdb:113,225,212,13,0.057777777777777775,0.9955555555555555,0.9976415094339622,0.9629629629629629,0.9285714285714286,1.0,1.0,0.9952830188679245,0.0047169811320754715,0.0,0.9613487268744224,211,1,0,13,1,1.0,1.0,45.94222222222222
signal_unusable,butqdb,114001,butqdb_114,butqdb:114,315,241,74,0.23492063492063492,0.9968253968253968,0.9932432432432432,0.9931972789115646,1.0,0.9958677685950413,0.9864864864864865,1.0,0.0,0.013513513513513514,0.9911660284969717,241,0,1,73,1,1.0,0.9999999999999999,43.84761904761905
signal_unusable,butqdb,115001,butqdb_115,butqdb:115,174,174,0,0.0,1.0,,0.0,,1.0,,1.0,0.0,,,174,0,0,0,0,,,44.264367816091955
signal_unusable,butqdb,118001,butqdb_118,butqdb:118,313,313,0,0.0,1.0,,0.0,,1.0,,1.0,0.0,,,313,0,0,0,0,,,36.73482428115016
signal_unusable,butqdb,121001,butqdb_121,butqdb:121,236,236,0,0.0,0.9957627118644068,,0.0,0.0,1.0,,0.9957627118644068,0.00423728813559322,,,235,1,0,0,1,,,45.50847457627118
signal_unusable,butqdb,122001,butqdb_122,butqdb:122,299,214,85,0.2842809364548495,1.0,1.0,1.0,1.0,1.0,1.0,1.0,0.0,0.0,1.0,214,0,0,85,0,1.0,0.9999999999999999,43.11705685618729
signal_unusable,butqdb,123001,butqdb_123,butqdb:123,367,367,0,0.0,0.9536784741144414,,0.0,0.0,1.0,,0.9536784741144414,0.04632152588555858,,,350,17,0,0,17,,,44.93188010899183
signal_unusable,butqdb,124001,butqdb_124,butqdb:124,239,146,93,0.3891213389121339,1.0,1.0,1.0,1.0,1.0,1.0,1.0,0.0,0.0,1.0,146,0,0,93,0,1.0,1.0,46.74476987447699
signal_unusable,butqdb,125001,butqdb_125,butqdb:125,368,368,0,0.0,0.9456521739130435,,0.0,0.0,1.0,,0.9456521739130435,0.05434782608695652,,,348,20,0,0,20,,,44.48097826086956
signal_unusable,butqdb,126001,butqdb_126,butqdb:126,463,463,0,0.0,1.0,,0.0,,1.0,,1.0,0.0,,,463,0,0,0,0,,,46.49676025917927
